session_id,participant_id,status,started_datetime,completed_date_time,time_taken,age,num_approvals,num_rejections,prolific_score,reviewed_at_datetime,entered_code,Country of Birth,Current Country of Residence,Employment Status,First Language,Nationality,Sex,Student Status
629135136c8dbf1f589602a5,6160d1a2fb2d3f37206c66f9,APPROVED,2022-05-27 20:31:15.376000,2022-05-27 21:40:00.322000,4124.946,19,45,0,100,2022-05-27 21:40:00.484000,Manual Completion,Mexico,Mexico,Unemployed (and job seeking),Spanish,Mexico,Female,Yes
629135162adf100331fb4f1e,615494c60df566552eb04677,APPROVED,2022-05-27 20:31:18.289000,2022-05-27 21:14:03.479000,2565.19,58,104,0,100,2022-05-27 22:09:12.195000,NOCODE,Mexico,Mexico,Part-Time,Spanish,Mexico,Female,No
6291351eff20c27ecd46dc48,6149810b20e456cd0d8c3675,APPROVED,2022-05-27 20:31:26.526000,2022-05-27 21:07:00.535000,2134.009,19,53,1,100,2022-05-27 22:09:12.267000,NOCODE,Mexico,Mexico,Full-Time,Spanish,Mexico,Female,Yes
629135219ff2faa9fac681c5,613a83cf8dd59de91973823e,TIMED-OUT,2022-05-27 20:31:29.503000,,168464.818321,26,48,1,100,,,Mexico,Mexico,Part-Time,Spanish,Mexico,Female,Yes
6291352380821a89454a9bfe,61427638cf7d53661a232858,TIMED-OUT,2022-05-27 20:35:26.533000,,168227.804427,28,29,0,100,,,Mexico,Mexico,Full-Time,Spanish,Mexico,Female,No
62913566c2134eb724a0d86b,61466a9b26c5985a58b104de,APPROVED,2022-05-27 20:32:38.193000,2022-05-27 20:43:35.827000,657.634,33,53,1,100,2022-05-27 22:09:12.334000,NOCODE,Mexico,Mexico,Part-Time,Spanish,Mexico,Female,No
6291358c3b3f817751e30494,613da2f481d2755038340eee,APPROVED,2022-05-27 20:33:16.635000,2022-05-27 21:06:37.901000,2001.266,28,145,0,100,2022-05-27 22:09:12.401000,NOCODE,Mexico,Mexico,Full-Time,Spanish,Mexico,Male,No
629135997ef2ba39c19cc41f,614e213596851b757aca62d2,RETURNED,2022-05-27 20:33:33.175000,,168341.206681,25,54,1,100,,,CONSENT REVOKED,CONSENT REVOKED,CONSENT REVOKED,CONSENT REVOKED,CONSENT REVOKED,CONSENT REVOKED,CONSENT REVOKED
629135a0f1f71a1caf5e513b,613bce66b4c708c1dd29f038,APPROVED,2022-05-27 20:33:36.507000,2022-05-27 20:48:40.950000,904.443,19,56,2,96,2022-05-27 22:09:12.468000,NOCODE,Mexico,Mexico,Other,Spanish,Mexico,Female,Yes
629135a7d0f2c9a032f801ca,613aa61e15f46c009b1de936,APPROVED,2022-05-27 20:33:43.650000,2022-05-27 21:07:28.601000,2024.951,21,77,1,100,2022-05-27 22:09:12.526000,NOCODE,Mexico,Mexico,Unemployed (and job seeking),Spanish,Mexico,Female,Yes
629135aed667b674ef7cb3ed,6043f909d14273455e5e7436,APPROVED,2022-05-27 20:33:50.249000,2022-05-27 21:04:25.857000,1835.608,22,111,2,99,2022-05-27 22:09:12.589000,NOCODE,Mexico,Mexico,Unemployed (and job seeking),Spanish,Mexico,Female,Yes
629135ba4530c354eb5b8c61,615f3c64daae99cf4ac6916c,TIMED-OUT,2022-05-27 20:34:02.956000,,168311.486369,28,72,0,100,,,Mexico,Mexico,Part-Time,Spanish,Mexico,Male,Yes
629135ca2a86237709865459,5f37827296047220405dccd3,APPROVED,2022-05-27 20:34:18.720000,2022-05-27 20:56:17.649000,1318.929,25,128,0,100,2022-05-27 22:09:12.648000,NOCODE,Mexico,Mexico,Unemployed (and job seeking),Spanish,Mexico,Male,Yes
629135cca23e9f83745da26d,613cc17e41ff5ec4fdf2c966,TIMED-OUT,2022-05-27 20:34:20.289000,,168294.180081,33,92,0,100,,,Mexico,Mexico,Full-Time,Spanish,Mexico,Female,No
629135d611348262d0db2cd6,616c5184f5f58cc79f9bcf9b,APPROVED,2022-05-27 20:39:27.213000,2022-05-27 21:12:15.283000,1968.07,21,79,1,100,2022-05-27 22:09:12.730000,NOCODE,Mexico,Mexico,Unemployed (and job seeking),Spanish,Mexico,Female,Yes
629135de8805ad8fbdea9d5e,601857c3c3f5ce0c3e5fb913,TIMED-OUT,2022-05-27 20:34:38.945000,,168275.551334,23,168,1,100,,,Mexico,Mexico,Unemployed (and job seeking),Spanish,Mexico,Male,No
629135e23c91815ced769b86,6149fb285d57641b5d6be834,APPROVED,2022-05-27 20:34:42.266000,2022-05-27 20:57:56.919000,1394.653,21,81,0,100,2022-05-27 22:09:12.818000,NOCODE,Mexico,Mexico,Part-Time,Spanish,Mexico,Female,Yes
629135e39e8945c39802c15e,613a26a35ad3d30b30d80cbf,APPROVED,2022-05-27 20:34:43.944000,2022-05-27 21:02:08.251000,1644.307,49,105,2,99,2022-05-27 22:09:12.881000,NOCODE,Mexico,Mexico,Full-Time,Spanish,Mexico,Male,No
629135e544950c7dc4ef029e,5ee4273dba332e11f6e28676,APPROVED,2022-05-27 20:34:51.738000,2022-05-27 21:16:44.643000,2512.905,24,275,0,100,2022-05-27 22:09:12.950000,NOCODE,Mexico,Mexico,Part-Time,Spanish,Mexico,Female,No
629135eedbe51c8763066a04,614254caca61eb2f1ee5df31,APPROVED,2022-05-27 20:39:07.156000,2022-05-27 21:05:04.175000,1557.019,31,72,1,100,2022-05-27 22:09:13.010000,NOCODE,Mexico,Mexico,Full-Time,Spanish,Mexico,Female,Yes
629135f1d14c467db26a800d,615316621143bec862a6b5e4,RETURNED,2022-05-27 20:35:00.985000,,168253.577753,33,88,1,100,,,CONSENT REVOKED,CONSENT REVOKED,CONSENT REVOKED,CONSENT REVOKED,CONSENT REVOKED,CONSENT REVOKED,CONSENT REVOKED
629135fda9e84ebe9bfcdec4,602ebe4863f201af3b563b30,APPROVED,2022-05-27 20:35:09.063000,2022-05-27 21:05:28.244000,1819.181,28,52,0,100,2022-05-27 22:09:13.075000,NOCODE,Mexico,Mexico,Part-Time,Spanish,Mexico,Female,Yes
6291360be7fdcb6b6a67dcfd,6160e15fcaeeeae935667a3c,APPROVED,2022-05-27 20:35:49.637000,2022-05-27 21:11:23.493000,2133.856,21,45,0,100,2022-05-27 22:09:13.137000,NOCODE,Mexico,Mexico,Unemployed (and job seeking),Spanish,Mexico,Male,Yes
62913611431c146ba066b78f,5f527fcd94f94754853db0e5,APPROVED,2022-05-27 20:35:29.946000,2022-05-27 21:17:17.182000,2507.236,21,244,1,100,2022-05-27 22:09:13.198000,NOCODE,Mexico,Mexico,Other,Spanish,Mexico,Male,Yes
62913615f53b8127bfc6d4dd,613ade3331abc4ffc48ed2c7,TIMED-OUT,2022-05-27 20:35:33.587000,,168221.03003,25,51,0,100,,,Mexico,Mexico,Full-Time,Spanish,Mexico,Female,No
62913616d4715bfc966afa7c,6085920f6c307c3f13368ce7,APPROVED,2022-05-27 20:35:34.457000,2022-05-27 20:53:56.240000,1101.783,22,112,0,100,2022-05-27 22:09:13.256000,NOCODE,Mexico,Mexico,Unemployed (and job seeking),Spanish,Mexico,Male,Yes
6291361ac5ce0e84232f82a6,613befc9cd4cf2abfaa8a42e,APPROVED,2022-05-27 20:35:38.917000,2022-05-27 20:58:03.281000,1344.364,24,55,1,100,2022-05-27 22:09:13.315000,NOCODE,Mexico,Mexico,"Not in paid work (e.g. homemaker', 'retired or disabled)",Spanish,Mexico,Female,Yes
62913620ff20c27ecd46dc4f,615c8b31134c47d27067a9eb,APPROVED,2022-05-27 20:35:44.214000,2022-05-27 20:58:17.377000,1353.163,23,98,1,100,2022-05-27 22:09:13.370000,NOCODE,Mexico,Mexico,Part-Time,Spanish,Mexico,Male,Yes
62913622fdad58726c0c4984,6165b90dde7b84145bb9a1b8,APPROVED,2022-05-27 20:35:46.066000,2022-05-27 21:02:24.113000,1598.047,24,38,0,100,2022-05-27 22:09:13.427000,NOCODE,Mexico,Mexico,Unemployed (and job seeking),Spanish,Mexico,Male,DATA EXPIRED
629136288e283eb585367d02,5b146e7bc85dc40001624518,APPROVED,2022-05-27 20:36:33.759000,2022-05-27 21:14:22.358000,2268.599,40,308,3,100,2022-05-27 22:09:13.485000,NOCODE,Mexico,Mexico,Full-Time,Spanish,Mexico,Male,No
62913631177949161d689de6,6051939e04dd75f81645cc0f,APPROVED,2022-05-27 20:36:19.734000,2022-05-27 21:14:19.857000,2280.123,31,49,0,100,2022-05-27 22:09:13.541000,NOCODE,Mexico,Mexico,"Not in paid work (e.g. homemaker', 'retired or disabled)",Spanish,Mexico,Female,Yes
629136361000ae00519226b7,613a9a32098c4cfe776b69de,RETURNED,2022-05-27 20:47:00.280000,,167534.44538,28,93,2,99,,,CONSENT REVOKED,CONSENT REVOKED,CONSENT REVOKED,CONSENT REVOKED,CONSENT REVOKED,CONSENT REVOKED,CONSENT REVOKED
6291363d2577a56d0461f04d,613a61f01b1050b207475c46,APPROVED,2022-05-27 20:36:13.618000,2022-05-27 21:06:09.424000,1795.806,22,71,1,100,2022-05-27 22:09:13.609000,NOCODE,Mexico,Mexico,Other,Spanish,Mexico,Female,Yes
6291363fd4715bfc966afa7f,5cd9cd20300c8c00016ea1c4,APPROVED,2022-05-27 20:36:15.556000,2022-05-27 21:06:20.006000,1804.45,41,260,0,100,2022-05-27 22:09:13.670000,NOCODE,Mexico,Mexico,Full-Time,Spanish,Mexico,Male,No
62913642e7fdcb6b6a67dcff,613a85dc08c14173e5f5fa11,APPROVED,2022-05-27 20:36:18.144000,2022-05-27 21:02:59.670000,1601.526,19,76,1,100,2022-05-27 22:09:13.731000,NOCODE,Mexico,Mexico,Due to start a new job within the next month,Spanish,Mexico,Female,No
62913643a17f83fe87f55455,5bb3be23ac26f70001b679c2,APPROVED,2022-05-27 20:36:19.687000,2022-05-27 20:53:07.362000,1007.675,33,86,1,100,2022-05-27 22:09:13.796000,NOCODE,Mexico,Mexico,Part-Time,Spanish,Mexico,Male,No
6291365c2a86237709865461,61230876ad65890ff8619511,APPROVED,2022-05-27 20:36:44.439000,2022-05-27 20:59:45.788000,1381.349,36,81,3,96,2022-05-27 22:09:13.863000,NOCODE,Mexico,Mexico,Full-Time,Spanish,Mexico,Male,No
6291366396c7f69fffab40f0,613ffdd2bb5bf78fdfe4f6bd,APPROVED,2022-05-27 20:36:54.205000,2022-05-27 21:17:59.856000,2465.651,24,61,1,100,2022-05-27 22:09:13.919000,NOCODE,Mexico,Mexico,Part-Time,Spanish,Mexico,Female,No
6291366655ff45c9c166157b,60c01964b0d8a8858c3fa335,APPROVED,2022-05-27 20:37:52.041000,2022-05-27 21:14:02.095000,2170.054,32,33,0,100,2022-05-27 22:09:13.980000,NOCODE,Mexico,Mexico,Full-Time,Spanish,Mexico,Female,Yes
6291366a3b3f817751e304a1,613f90102d1544ce1403ea89,APPROVED,2022-05-27 20:36:58.509000,2022-05-27 21:04:41.207000,1662.698,39,71,0,100,2022-05-27 22:09:14.045000,NOCODE,Mexico,Mexico,DATA EXPIRED,Spanish,Mexico,Male,No
6291366dd9441c92e7055d0a,5f2ef7740f87702b99055397,APPROVED,2022-05-27 20:37:36.429000,2022-05-27 21:13:46.701000,2170.272,24,45,0,100,2022-05-27 22:09:14.106000,NOCODE,Mexico,Mexico,Unemployed (and job seeking),Spanish,Mexico,Female,Yes
6291366fd43d7370eba3503d,613a4e942ec6f9878dae86f1,APPROVED,2022-05-27 20:37:03.165000,2022-05-27 20:54:41.065000,1057.9,24,99,0,100,2022-05-27 22:09:14.168000,NOCODE,Mexico,Mexico,Full-Time,Spanish,Mexico,Female,No
62913673da66fc1e24a0db17,5f8723a87c32d00e2d2bc8e4,APPROVED,2022-05-27 20:37:07.080000,2022-05-27 20:53:59.390000,1012.31,22,95,1,100,2022-05-27 22:09:14.230000,NOCODE,Mexico,Mexico,Unemployed (and job seeking),Spanish,Mexico,Female,Yes
629136788b6843025819b8aa,613ab07eb344dc2516d0d885,APPROVED,2022-05-27 20:40:52.679000,2022-05-27 21:14:35.520000,2022.841,20,108,0,100,2022-05-27 22:09:14.301000,NOCODE,Mexico,Mexico,Part-Time,Spanish,Mexico,Female,Yes
6291367b26360b5a050af1cb,5b5b7bd07b0df30001fa5d5d,TIMED-OUT,2022-05-27 20:37:15.543000,,168119.34715,28,45,0,100,,,Mexico,Mexico,Full-Time,Spanish,Mexico,Female,No
6291368380fdcfd2c2e4bc74,613e488412ed6c9a5dcb42fb,APPROVED,2022-05-27 20:37:23.113000,2022-05-27 21:14:54.767000,2251.654,33,98,0,100,2022-05-27 22:09:14.373000,NOCODE,Mexico,Mexico,Full-Time,Spanish,Mexico,Female,No
62913683ab3c0d27d48d98de,613eb686f547ddd4edaa898f,APPROVED,2022-05-27 20:37:23.767000,2022-05-27 21:14:04.728000,2200.961,18,91,1,99,2022-05-27 22:09:14.454000,NOCODE,Mexico,Mexico,Unemployed (and job seeking),Spanish,Mexico,Male,Yes
629136844c4a208761ab584a,5df938ca8390796b7ce84de1,APPROVED,2022-05-27 20:37:24.673000,2022-05-27 21:16:11.432000,2326.759,38,254,3,98,2022-05-27 22:09:14.562000,NOCODE,Mexico,Mexico,Full-Time,Spanish,Mexico,Male,No
62913686911d29360aa08b65,613a88ba7fd654b7da6cacec,APPROVED,2022-05-27 20:39:10.283000,2022-05-27 21:15:25.560000,2175.277,20,82,4,97,2022-05-27 22:09:15.689000,NOCODE,Mexico,Mexico,Part-Time,Spanish,Mexico,Female,Yes
6291368856a67d4ff7545996,613a673e858e0f5b95155df3,APPROVED,2022-05-27 20:37:28.165000,2022-05-27 21:08:58.892000,1890.727,22,58,0,100,2022-05-27 22:09:19.988000,NOCODE,Mexico,Mexico,Unemployed (and job seeking),Spanish,Mexico,Male,Yes
62913689c9d26c614a059bff,613a56bd4ce44fe88991498e,APPROVED,2022-05-27 20:37:29.238000,2022-05-27 21:00:03.627000,1354.389,26,95,0,100,2022-05-27 22:09:23.803000,NOCODE,Mexico,Mexico,Unemployed (and job seeking),Spanish,Mexico,Male,Yes
6291368f15c5697c9aea7229,5ed3e885034557397f017ef0,APPROVED,2022-05-27 20:37:35.855000,2022-05-27 21:05:21.911000,1666.056,40,184,6,97,2022-05-27 22:09:24.324000,NOCODE,Mexico,Mexico,Full-Time,Spanish,Mexico,Female,No
6291368f3088da7c5d5d3999,613a6eeec4ecaf782d13a30e,APPROVED,2022-05-27 20:39:12.068000,2022-05-27 21:08:14.052000,1741.984,27,44,0,100,2022-05-27 22:09:24.692000,NOCODE,Mexico,Mexico,Part-Time,Spanish,Mexico,Male,Yes
6291369658587dd90e5d30ad,5da134d77e069a0013373b2d,APPROVED,2022-05-27 20:37:44.649000,2022-05-27 21:20:34.297000,2569.648,31,397,6,98,2022-05-27 22:09:25.248000,NOCODE,Mexico,Mexico,Full-Time,Spanish,Mexico,Male,No
62913698da10ec0f97995f76,616f423e8893bea6dd1e7f52,APPROVED,2022-05-27 20:37:44.692000,2022-05-27 21:03:32.193000,1547.501,21,101,0,100,2022-05-27 22:09:25.397000,NOCODE,Mexico,Mexico,Other,Spanish,Mexico,Female,Yes
6291369f3edd12c770666388,5b220a2738fc0c0001312cf5,APPROVED,2022-05-27 20:38:07.589000,2022-05-27 21:05:49.212000,1661.623,27,43,0,100,2022-05-27 22:09:25.459000,NOCODE,Mexico,Mexico,Full-Time,Spanish,Mexico,Male,No
629136a1d325778cc8376222,614280eba55c35f7925dece3,RETURNED,2022-05-27 20:37:53.357000,,168081.702039,24,104,1,100,,,CONSENT REVOKED,CONSENT REVOKED,CONSENT REVOKED,CONSENT REVOKED,CONSENT REVOKED,CONSENT REVOKED,CONSENT REVOKED
629136ac3a577b590e60de66,613a504b12b739cab54dcade,APPROVED,2022-05-27 20:38:04.639000,2022-05-27 21:02:35.858000,1471.219,28,139,3,99,2022-05-27 22:09:25.546000,NOCODE,Mexico,Mexico,Full-Time,Spanish,Mexico,Female,No
629136acd667b674ef7cb3fe,5f8632cff7f4b1181047057d,APPROVED,2022-05-27 20:38:04.051000,2022-05-27 21:00:34.243000,1350.192,26,122,1,99,2022-05-27 22:09:25.609000,NOCODE,Mexico,Mexico,Unemployed (and job seeking),Spanish,Mexico,Female,No
629136b3d9441c92e7055d0f,613abcb25093a4df1e5122dd,APPROVED,2022-05-27 20:39:30.360000,2022-05-27 21:06:26.992000,1616.632,20,72,1,100,2022-05-27 22:09:25.689000,NOCODE,Mexico,Mexico,Due to start a new job within the next month,Spanish,Mexico,Female,Yes
629136b9958160dd4d48d5a7,613a8f2fd7e2c661d25cc61f,APPROVED,2022-05-27 20:39:06.018000,2022-05-27 21:05:14.161000,1568.143,22,104,1,100,2022-05-27 22:09:25.782000,NOCODE,Mexico,Mexico,Full-Time,Spanish,Mexico,Female,Yes
629136bce7fdcb6b6a67dd0e,5f2b4939dae40959f75f7baf,APPROVED,2022-05-27 20:38:20.446000,2022-05-27 21:20:56.473000,2556.027,30,238,4,99,2022-05-27 22:09:25.861000,NOCODE,Mexico,Mexico,Full-Time,Spanish,Mexico,Female,No
629136beab3c0d27d48d98e2,5f95155d7ae37e0009ed42ac,APPROVED,2022-05-27 20:38:22.754000,2022-05-27 21:10:09.768000,1907.014,22,158,0,100,2022-05-27 22:09:25.920000,NOCODE,Mexico,Mexico,Part-Time,Spanish,Mexico,Male,No
629136bf9d3956a4f81898b1,600091ba38fa9b158243c79f,APPROVED,2022-05-27 20:38:23.380000,2022-05-27 20:49:42.195000,678.815,20,84,0,100,2022-05-27 22:09:26.013000,25052395,Mexico,Mexico,Other,Spanish,Mexico,Female,Yes
629136c18b46cef5368a0860,5d841f00a05011001ab24240,APPROVED,2022-05-27 20:38:38.948000,2022-05-27 21:13:28.573000,2089.625,27,380,2,100,2022-05-27 22:09:26.076000,NOCODE,Mexico,Mexico,Full-Time,Spanish,Mexico,Female,No
629136cd127153fc12063474,60de7deffb38fe0ad1684964,APPROVED,2022-05-27 20:38:37.612000,2022-05-27 21:05:52.224000,1634.612,31,128,1,100,2022-05-27 22:09:26.144000,NOCODE,Mexico,Mexico,Full-Time,Spanish,Mexico,Male,No
629136cf991b477e7cd49cbf,613b9966c2d200014e477ef5,APPROVED,2022-05-27 20:38:39.079000,2022-05-27 21:15:39.134000,2220.055,22,101,2,99,2022-05-27 22:09:26.201000,NOCODE,Mexico,Mexico,DATA EXPIRED,Spanish,Mexico,Male,Yes
629136cfdbbce5f96af1ce3f,61538e8f290de7ef8eb30366,APPROVED,2022-05-27 20:39:02.987000,2022-05-27 20:59:37.030000,1234.043,27,48,1,100,2022-05-27 22:09:26.261000,NOCODE,Mexico,Mexico,Part-Time,Spanish,Mexico,Female,No
629136d026f0588627248f4e,613a4182d75ec66fcd3292e9,TIMED-OUT,2022-05-27 20:38:40.403000,,168034.821641,24,90,3,98,,,Mexico,Mexico,Full-Time,Spanish,Mexico,Female,No
629136d955ff45c9c1661581,5b6fc83e8d336b0001fe77b4,APPROVED,2022-05-27 20:38:52.559000,2022-05-27 21:16:05.565000,2233.006,40,352,6,98,2022-05-27 22:09:26.361000,NOCODE,Mexico,Mexico,Part-Time,Spanish,Mexico,Female,No
629136dd242c0e78c2faaae4,5ec5a561c1172f5f55cfb425,APPROVED,2022-05-27 20:38:53.814000,2022-05-27 21:02:49.796000,1435.982,23,225,3,99,2022-05-27 22:09:26.438000,NOCODE,Mexico,Mexico,Part-Time,Spanish,Mexico,Male,Yes
629136e8dec66fb2c0f4bc34,603c110e5b03868fed10b55e,APPROVED,2022-05-27 20:39:12.249000,2022-05-27 20:59:23.505000,1211.256,21,46,0,100,2022-05-27 22:09:26.501000,NOCODE,Mexico,Mexico,Unemployed (and job seeking),Spanish,Mexico,Male,Yes
629136ebd98c2f05ee14d6e3,5d4cc624ae079c0019f544b6,APPROVED,2022-05-27 20:39:40.339000,2022-05-27 21:10:41.838000,1861.499,21,188,2,99,2022-05-27 22:09:26.570000,NOCODE,Mexico,Mexico,Unemployed (and job seeking),Spanish,Mexico,Female,Yes
629136ef85e636f1b8f3a299,613a299a7b4b0b951a1f2752,APPROVED,2022-05-27 20:39:29.875000,2022-05-27 21:13:46.926000,2057.051,24,48,1,100,2022-05-27 22:09:26.640000,NOCODE,Mexico,Mexico,Part-Time,Spanish,Mexico,Female,Yes
629136f3e4236b376e5f96eb,5f24dcf6dd9834112f4db16b,APPROVED,2022-05-27 20:39:43.671000,2022-05-27 21:06:10.399000,1586.728,39,185,3,97,2022-05-27 22:09:26.718000,NOCODE,Mexico,Mexico,Full-Time,Spanish,Mexico,Male,No
629136f64291ef6a5080f05f,615101033725af6fa322a0cc,RETURNED,2022-05-27 20:49:43.569000,,167371.747567,40,25,1,99,,,CONSENT REVOKED,CONSENT REVOKED,CONSENT REVOKED,CONSENT REVOKED,CONSENT REVOKED,CONSENT REVOKED,CONSENT REVOKED
629136f685e636f1b8f3a29a,6152003488526410fe7cc763,APPROVED,2022-05-27 20:39:18.243000,2022-05-27 21:06:18.197000,1619.954,31,90,1,99,2022-05-27 22:09:26.837000,NOCODE,Mexico,Mexico,Full-Time,Spanish,Mexico,Male,No
629136f83244cdb5b4dbb5eb,5bbe4ab0ea3e2600012cefb3,APPROVED,2022-05-27 20:39:20.480000,2022-05-27 21:02:17.487000,1377.007,34,370,3,99,2022-05-27 22:09:26.943000,NOCODE,Mexico,Mexico,Full-Time,Spanish,Mexico,Male,No
629136f8a7295cb41723a755,613a9a0390a4c691677c1440,APPROVED,2022-05-27 20:39:20.117000,2022-05-27 21:09:09.913000,1789.796,25,96,0,100,2022-05-27 22:09:27.045000,NOCODE,Mexico,Mexico,Full-Time,Spanish,Mexico,Female,No
629136ff9658bfb8355075c4,60f1fc8e7bf8dbf47d5885c6,TIMED-OUT,2022-05-27 20:39:27.158000,,167988.207346,34,138,1,100,,,Mexico,Mexico,Full-Time,Spanish,Mexico,Male,No
62913701c9d26c614a059c06,613e868f4d6c157238b8fd87,APPROVED,2022-05-27 20:40:28.001000,2022-05-27 21:13:33.622000,1985.621,24,119,0,100,2022-05-27 22:09:27.660000,NOCODE,Mexico,Mexico,Unemployed (and job seeking),Spanish,Mexico,Female,No
62913706087af3fca3467f14,5fca888982a09a6a47620777,TIMED-OUT,2022-05-27 20:39:34.041000,,167981.34884,28,173,0,100,,,Mexico,Mexico,Other,Spanish,Mexico,Male,Yes
6291370f958160dd4d48d5aa,6143bfe244eb845db98dc247,APPROVED,2022-05-27 20:39:43.605000,2022-05-27 21:08:39.785000,1736.18,24,58,1,100,2022-05-27 22:09:27.746000,NOCODE,Mexico,Mexico,Full-Time,Spanish,Mexico,Male,No
6291371a6c8dbf1f589602d3,613ab42cc7671492eb86b441,APPROVED,2022-05-27 20:40:03.106000,2022-05-27 21:19:31.052000,2367.946,30,106,0,100,2022-05-27 22:09:28.751000,nocode,Mexico,Mexico,Full-Time,Spanish,Mexico,Female,No
6291371b6b5a7e6f392e672f,61527664bdd4bd64a2a3a511,TIMED-OUT,2022-05-27 20:39:55.307000,,167960.125583,20,60,1,100,,,Mexico,Mexico,Due to start a new job within the next month,Spanish,Mexico,Male,Yes
6291371d8b46cef5368a0869,5f725cec0d210519997947e6,APPROVED,2022-05-27 20:40:23.046000,2022-05-27 21:09:21.607000,1738.561,21,115,0,100,2022-05-27 22:09:28.869000,NOCODE,Mexico,Mexico,Unemployed (and job seeking),Spanish,Mexico,Male,No
6291372bbd437f526d65a6ed,60bff62d82d796cabcf1958e,APPROVED,2022-05-27 20:40:11.766000,2022-05-27 21:02:49.118000,1357.352,25,93,0,100,2022-05-27 22:09:31.171000,NOCODE,Mexico,Mexico,Full-Time,Spanish,Mexico,Male,Yes
6291372fb53ce7b8f253469b,5e9569e57ca863415e6359bc,RETURNED,2022-05-27 20:40:15.861000,,167939.611286,21,231,4,98,,,CONSENT REVOKED,CONSENT REVOKED,CONSENT REVOKED,CONSENT REVOKED,CONSENT REVOKED,CONSENT REVOKED,CONSENT REVOKED
62913730ed24d1d527ff03a9,5f5d6c3cbacc025bf0a03440,APPROVED,2022-05-27 20:40:16.179000,2022-05-27 21:14:50.628000,2074.449,28,225,0,100,2022-05-27 22:09:32.144000,NOCODE,Mexico,Mexico,Unemployed (and job seeking),Spanish,Mexico,Female,Yes
6291373b978226901af521bf,5c19b6e25ead950001bdb5a8,APPROVED,2022-05-27 20:40:27.933000,2022-05-27 21:07:22.797000,1614.864,24,324,3,99,2022-05-27 22:09:32.394000,NOCODE,Mexico,Mexico,Other,Spanish,Mexico,Male,Yes
6291373ffc635b323ad8c995,61469431c9693a82e6d45686,APPROVED,2022-05-27 20:40:36.020000,2022-05-27 21:08:39.902000,1683.882,21,84,0,100,2022-05-27 22:09:32.622000,NOCODE,Mexico,Mexico,Unemployed (and job seeking),Spanish,Mexico,Male,Yes
62913740976b2e50e3c69d3a,613a944cb9979c1c090b460d,APPROVED,2022-05-27 20:40:32.130000,2022-05-27 21:09:20.003000,1727.873,24,95,0,100,2022-05-27 22:09:32.824000,NOCODE,Mexico,Mexico,Full-Time,Spanish,Mexico,Male,No
6291374f63205c666e60bcc3,615b6a90dab84fdc845475a3,APPROVED,2022-05-27 20:40:47.969000,2022-05-27 21:17:59.171000,2231.202,21,27,1,100,2022-05-27 22:09:33.038000,NOCODE,Mexico,Mexico,Unemployed (and job seeking),Spanish,Mexico,Female,Yes
6291375188907086c47c1daf,5c0048442213be0001c2d579,APPROVED,2022-05-27 20:40:49.806000,2022-05-27 21:16:54.509000,2164.703,26,496,0,100,2022-05-27 22:09:33.216000,NOCODE,Mexico,Mexico,Full-Time,Spanish,Mexico,Male,Yes
6291375429f78447fa8087ed,611969c2dd0ecf7831a4d470,APPROVED,2022-05-27 20:40:54.947000,2022-05-27 21:23:49.795000,2574.848,23,23,0,100,2022-05-27 22:09:33.335000,NOCODE,Mexico,Mexico,Due to start a new job within the next month,Spanish,Mexico,Female,Yes
62913756bfa676deacdb78e4,5ec6a814c615390ad63cbf1f,APPROVED,2022-05-27 20:40:54.615000,2022-05-27 21:18:50.275000,2275.66,27,306,3,99,2022-05-27 22:09:33.426000,NOCODE,Mexico,Mexico,Full-Time,Spanish,Mexico,Male,No
62913757ab3c0d27d48d98ea,613bddfaa4471bbe889926ee,TIMED-OUT,2022-05-27 20:42:28.271000,,167807.321206,21,72,1,100,,,Mexico,Mexico,Unemployed (and job seeking),Spanish,Mexico,Male,No
62913759e173405bd092a0f0,613ac90d5bb31911d86a31a4,APPROVED,2022-05-27 20:41:01.180000,2022-05-27 21:07:56.331000,1615.151,22,105,1,100,2022-05-27 22:09:33.508000,NOCODE,Mexico,Mexico,Part-Time,Spanish,Mexico,Male,Yes
6291376211348262d0db2ce9,613a8cddb6da19e08e9c1b3f,TIMED-OUT,2022-05-27 20:41:06.589000,,167889.029126,28,129,1,100,,,Mexico,Mexico,Full-Time,Spanish,Mexico,Female,Yes
62913764c85957a629459922,5ee371a168a09104dc317158,RETURNED,2022-05-27 20:41:11.384000,,167884.245457,28,157,2,100,,,CONSENT REVOKED,CONSENT REVOKED,CONSENT REVOKED,CONSENT REVOKED,CONSENT REVOKED,CONSENT REVOKED,CONSENT REVOKED
629137664291ef6a5080f068,60943427c11ddfd172f619e3,APPROVED,2022-05-27 20:41:10.183000,2022-05-27 20:55:00.177000,829.994,23,139,4,97,2022-05-27 22:09:33.586000,NOCODE,Mexico,Mexico,Part-Time,Spanish,Mexico,Male,Yes
62913768256d13cb3ae7d3ea,613a46770753a93db8a7e7f5,APPROVED,2022-05-27 20:41:15.293000,2022-05-27 21:07:41.053000,1585.76,26,47,1,100,2022-05-27 22:09:33.659000,NOCODE,Mexico,Mexico,Full-Time,Spanish,Mexico,Female,Yes
6291376e6b5a7e6f392e6736,613d70e8a9e0dd81eb6d8b57,APPROVED,2022-05-27 20:41:18.520000,2022-05-27 21:23:28.105000,2529.585,22,58,2,98,2022-05-27 22:09:33.735000,NOCODE,Mexico,Mexico,Unemployed (and job seeking),Spanish,Mexico,Female,No
6291376f2465b5be3ec2b97a,5eb0cb5afb9e2418da928edb,RETURNED,2022-05-27 20:45:52.736000,,167602.945988,22,330,0,100,,,CONSENT REVOKED,CONSENT REVOKED,CONSENT REVOKED,CONSENT REVOKED,CONSENT REVOKED,CONSENT REVOKED,CONSENT REVOKED
629137753edd12c770666395,61114700737a033f32ea684e,APPROVED,2022-05-27 20:41:42.445000,2022-05-27 21:02:53.841000,1271.396,28,54,2,96,2022-05-27 22:09:33.844000,NOCODE,Mexico,Mexico,Part-Time,Spanish,Mexico,Female,Yes
62913775c1898360768aaa2e,5f19dc86afa07c0894f60578,APPROVED,2022-05-27 20:41:25.855000,2022-05-27 20:59:53.864000,1108.009,22,261,2,100,2022-05-27 22:09:33.907000,NOCODE,Mexico,Mexico,Unemployed (and job seeking),Spanish,Mexico,Male,Yes
6291377bb228eb32df3f1cac,5ee2a44d4c9d7542817268e7,TIMED-OUT,2022-05-27 20:41:31.403000,,167864.323919,22,129,0,100,,,Mexico,Mexico,Part-Time,Spanish,Mexico,Male,Yes
6291377da2eafb7ddd64d9b1,6047b38939f7610352261d47,APPROVED,2022-05-27 20:41:33.673000,2022-05-27 21:24:03.859000,2550.186,33,219,0,100,2022-05-27 22:09:33.991000,NOCODE,Mexico,Mexico,Full-Time,Spanish,Mexico,Male,Yes
6291378715c5697c9aea7236,613a8b04c9c2c744c30a9e29,APPROVED,2022-05-27 20:41:43.873000,2022-05-27 21:06:59.914000,1516.041,23,66,0,100,2022-05-27 22:09:34.059000,NOCODE,Mexico,Mexico,Full-Time,Spanish,Mexico,Male,Yes
629137891c3f9992dc59a46d,613ad3239acd5465b71e04a5,TIMED-OUT,2022-05-27 20:41:45.965000,,167849.810055,29,86,1,99,,,Mexico,Mexico,Full-Time,Spanish,Mexico,Female,No
6291379a3dd2f679d29ae16f,5f2f770677605936ed61db61,APPROVED,2022-05-27 20:43:03.366000,2022-05-27 21:25:37.059000,2553.693,24,66,0,100,2022-05-27 22:09:34.137000,NOCODE,Mexico,Mexico,Part-Time,Spanish,Mexico,Female,Yes
629137a040acd351092f39a5,613aa029ecf1d52f0a916da6,APPROVED,2022-05-27 20:42:10.905000,2022-05-27 21:00:32.822000,1101.917,29,99,0,100,2022-05-27 22:09:34.202000,NOCODE,Mexico,Mexico,Full-Time,Spanish,Mexico,Male,No
629137ab4aaf4ab31c8484f4,613bc262ee7e88ed99751b3a,RETURNED,2022-05-27 20:42:19.221000,,167816.588733,22,64,2,99,,,CONSENT REVOKED,CONSENT REVOKED,CONSENT REVOKED,CONSENT REVOKED,CONSENT REVOKED,CONSENT REVOKED,CONSENT REVOKED
629137ae6362bfe2e1a9a00c,611e8be405de1e23f7232157,APPROVED,2022-05-27 20:42:22.445000,2022-05-27 21:24:44.932000,2542.487,42,138,1,100,2022-05-27 22:09:34.282000,NOCODE,Mexico,Mexico,Full-Time,Spanish,Mexico,Male,Yes
629137b8e639e25adcc65359,614220034f7198b7c67a60c9,TIMED-OUT,2022-05-27 20:42:32.359000,,167803.472957,26,70,0,100,,,Mexico,Mexico,Unemployed (and job seeking),Spanish,Mexico,Female,No
629137bbf1f71a1caf5e514f,615f331b8161acc6331a13f1,APPROVED,2022-05-27 20:42:35.702000,2022-05-27 21:19:25.332000,2209.63,27,119,1,100,2022-05-27 22:09:34.349000,NOCODE,Mexico,Mexico,Full-Time,Spanish,Mexico,Male,No
629137c30bf8d1912e160833,60183e25b4423c05ee0ee791,APPROVED,2022-05-27 20:42:43.191000,2022-05-27 21:25:34.167000,2570.976,20,171,1,100,2022-05-27 22:09:34.413000,NOCODE,Mexico,Mexico,Unemployed (and job seeking),Spanish,Mexico,Male,Yes
629137dcf95f13a81f5ea2be,614386aaad55b05aa5c7767e,APPROVED,2022-05-27 20:43:26.964000,2022-05-27 21:06:59.413000,1412.449,23,140,1,100,2022-05-27 22:09:34.475000,NOCODE,Mexico,Mexico,Full-Time,Spanish,Mexico,Female,No
629137e50da12ded3fdf5554,614e833e51a2bb91f7c10768,RETURNED,2022-05-27 20:44:25.069000,,167690.811031,26,56,0,100,,,CONSENT REVOKED,CONSENT REVOKED,CONSENT REVOKED,CONSENT REVOKED,CONSENT REVOKED,CONSENT REVOKED,CONSENT REVOKED
629137ee3b6d6820cfa971c4,613a8397b555a065b9fabae4,APPROVED,2022-05-27 20:43:26.147000,2022-05-27 21:24:04.840000,2438.693,25,91,1,100,2022-05-27 22:09:34.570000,NOCODE,Mexico,Mexico,DATA EXPIRED,Spanish,Mexico,Male,DATA EXPIRED
629137f258606c89ea5a79eb,613a900070bb6eb5271e8668,APPROVED,2022-05-27 20:43:30.360000,2022-05-27 21:07:52.845000,1462.485,25,39,0,100,2022-05-27 22:09:34.647000,NOCODE,Mexico,Mexico,"Not in paid work (e.g. homemaker', 'retired or disabled)",Spanish,Mexico,Female,Yes
629137f423becc911c5def65,613fb424ed692f54b4ff7bff,RETURNED,2022-05-27 20:43:32.107000,,167743.818624,30,87,0,100,,,CONSENT REVOKED,CONSENT REVOKED,CONSENT REVOKED,CONSENT REVOKED,CONSENT REVOKED,CONSENT REVOKED,CONSENT REVOKED
6291385f96dfe5e8187a460f,5f2f62bb956a3f34b614a33f,APPROVED,2022-05-27 20:45:19.522000,2022-05-27 21:11:16.656000,1557.134,37,170,2,100,2022-05-27 22:09:34.723000,NOCODE,Mexico,Mexico,Full-Time,Spanish,Mexico,Female,No
629138d0e63e9dfc5409a762,5f319efc2977330948eebbcd,APPROVED,2022-05-27 20:49:52.280000,2022-05-27 21:20:49.169000,1856.889,22,210,1,100,2022-05-27 22:09:34.820000,NOCODE,Mexico,Mexico,Part-Time,Spanish,Mexico,Female,Yes
62913981bf0133a935a0f7aa,5e7a564c3a915c03028714d8,APPROVED,2022-05-27 20:50:51.837000,2022-05-27 21:24:03.320000,1991.483,29,261,2,99,2022-05-27 22:09:34.903000,NOCODE,Mexico,Mexico,Full-Time,Spanish,Mexico,Male,No
629139ab09b53e05eb9c67a5,613a65aaf5d6e392ce2aacab,APPROVED,2022-05-27 20:51:05.538000,2022-05-27 21:20:24.300000,1758.762,26,68,1,100,2022-05-27 22:09:35.008000,NOCODE,Mexico,Mexico,Part-Time,Spanish,Mexico,Female,No
62913d6eb33993a63af82f7a,5d5496bdd84ebe0001f5fb20,APPROVED,2022-05-27 21:07:33.747000,2022-05-27 21:51:10.483000,2616.736,20,348,7,97,2022-05-27 22:09:35.084000,NOCODE,Mexico,Mexico,DATA EXPIRED,Spanish,Mexico,Male,Yes
62913e2a49748c9d10cee366,5f3abb432fd48973806751a9,APPROVED,2022-05-27 21:10:02.740000,2022-05-27 21:34:53.134000,1490.394,27,136,1,100,2022-05-27 22:09:35.154000,NOCODE,Mexico,Mexico,Full-Time,Spanish,Mexico,Female,Yes
62913e31df83b721362ab832,60d6506de73ae34d5f14b816,APPROVED,2022-05-27 21:10:09.462000,2022-05-27 21:31:25.728000,1276.266,30,36,0,100,2022-05-27 22:09:35.237000,NOCODE,Mexico,Mexico,Full-Time,Spanish,Mexico,Male,No
62913e74878bffd2cfce2437,60714f2303840056e3d49da2,APPROVED,2022-05-27 21:11:22.620000,2022-05-27 21:35:43.609000,1460.989,25,145,0,100,2022-05-27 22:09:35.299000,no code,Mexico,Mexico,Full-Time,Spanish,Mexico,Female,No
62913f7a753da206b9e87549,613a4bd6e4259b64db005489,APPROVED,2022-05-27 21:15:38.836000,2022-05-27 21:44:34.697000,1735.861,24,187,0,100,2022-05-27 22:09:35.369000,No code,Mexico,Mexico,Full-Time,Spanish,Mexico,Male,No
62913ffc0d314ff86e49cee6,6160dc6d40120db3eee4524a,APPROVED,2022-05-27 21:17:48.352000,2022-05-27 21:49:04.541000,1876.189,24,57,3,96,2022-05-27 22:09:35.442000,NOCODE,Mexico,Mexico,Full-Time,Spanish,Mexico,Female,Yes
629140eec2e9599e8b8ac91d,5bdf91dbb32fa800012ea282,APPROVED,2022-05-27 21:21:50.177000,2022-05-27 21:52:39.812000,1849.635,47,744,1,100,2022-05-27 22:09:36.334000,NOCODE,Mexico,Mexico,Full-Time,Spanish,Mexico,Male,No
6291414ebdb4e841e49213e1,613ad089983f33fc8194d601,APPROVED,2022-05-27 21:23:26.221000,2022-05-27 22:07:04.441000,2618.22,23,127,0,100,2022-05-27 22:09:36.395000,NOCODE,Mexico,Mexico,Part-Time,Spanish,Mexico,Male,No
62914154594270467eb4cd19,6169e8a8311d269013eb73c7,APPROVED,2022-05-27 21:23:36.143000,2022-05-27 21:50:03.594000,1587.451,26,206,1,100,2022-05-27 22:09:36.517000,NOCODE,Mexico,Mexico,Unemployed (and job seeking),Spanish,Mexico,Female,No
629141ad0efadce0665d9d35,60dec770e794837d68214ae1,APPROVED,2022-05-27 21:25:01.458000,2022-05-27 21:51:39.553000,1598.095,27,191,2,100,2022-05-27 22:09:37.433000,NOCODE,Mexico,Mexico,Part-Time,Spanish,Mexico,Male,No
629141adf1fc8de69d821105,613a3fa3cd445d55f2e1a486,APPROVED,2022-05-27 21:25:06.410000,2022-05-27 21:46:24.186000,1277.776,22,94,0,100,2022-05-27 22:09:38.910000,NOCODE,Mexico,Mexico,Unemployed (and job seeking),Spanish,Mexico,Female,Yes
629141b4676c89aeab5f9866,5ec2a21d6053200957b486f9,RETURNED,2022-05-27 21:25:16.591000,,165239.569019,26,318,1,100,,,CONSENT REVOKED,CONSENT REVOKED,CONSENT REVOKED,CONSENT REVOKED,CONSENT REVOKED,CONSENT REVOKED,CONSENT REVOKED
629141e5067361cd6d79f367,610afdfedb8325ac8a155d00,APPROVED,2022-05-27 21:26:29.545000,2022-05-27 22:06:48.342000,2418.797,25,144,1,100,2022-05-27 22:09:39.884000,NO CODE,Mexico,Mexico,Full-Time,Spanish,Mexico,Female,No
629142ca1807fbc92377e988,61526e562a87079dc683ae46,APPROVED,2022-05-27 21:30:26.807000,2022-05-27 21:53:25.231000,1378.424,20,105,1,100,2022-05-27 22:09:40.187000,NOCODE,Mexico,Mexico,"Not in paid work (e.g. homemaker', 'retired or disabled)",Spanish,Mexico,Male,Yes
629142ddd3f9b3a845b376b9,6139133041546096188da709,APPROVED,2022-05-27 21:30:57.117000,2022-05-27 21:54:48.113000,1430.996,21,126,0,100,2022-05-27 22:09:40.434000,NOCODE,Mexico,Mexico,Other,Spanish,Mexico,Male,Yes
629142e7b9e0d1104ff6f38f,5f30c06d1cdf4953b62ae475,APPROVED,2022-05-27 21:30:15.857000,2022-05-27 22:14:01.957000,2626.1,22,97,0,100,2022-05-27 22:59:23.392000,NOCODE,Mexico,Mexico,Full-Time,Spanish,Mexico,Female,No
629142ef3e0845f43e6e1657,6039301619f2633730d2a3a5,APPROVED,2022-05-27 21:30:26.636000,2022-05-27 21:58:52.232000,1705.596,26,128,0,100,2022-05-27 22:09:40.692000,NOCODE,Mexico,Mexico,"Not in paid work (e.g. homemaker', 'retired or disabled)",Spanish,Mexico,Female,No
629142efc1b896e68851f30f,5f9afa6dffa5e21329cf3f6e,APPROVED,2022-05-27 21:30:23.977000,2022-05-27 21:57:51.929000,1647.952,21,171,1,100,2022-05-27 22:09:40.938000,NOCODE,Mexico,Mexico,Other,Spanish,Mexico,Male,Yes
629142f01d78e01b294eaee6,5f4310b391369a1776db2dde,APPROVED,2022-05-27 21:30:24.453000,2022-05-27 21:55:41.535000,1517.082,28,251,2,100,2022-05-27 22:09:41.118000,NOCODE,Mexico,Mexico,Unemployed (and job seeking),Spanish,Mexico,Male,Yes
629142f567f33514fdbf3d7e,6140bb0595c4f5df0b508bb2,TIMED-OUT,2022-05-27 21:30:39.680000,,164916.607717,24,85,1,100,,,Mexico,Mexico,Full-Time,Spanish,Mexico,Female,No
629142f6561f77fa38ee42ab,6142883565f2f12724b5e613,APPROVED,2022-05-27 21:30:33.814000,2022-05-27 21:44:37.368000,843.554,20,80,0,100,2022-05-27 22:09:41.264000,NOCODE,Mexico,Mexico,Part-Time,Spanish,Mexico,Female,Yes
629142f7748d286d88b21835,5ab33d98580b990001730708,APPROVED,2022-05-27 21:30:31.692000,2022-05-27 21:50:50.093000,1218.401,26,579,1,100,2022-05-27 22:09:41.417000,NOCODE,Mexico,Mexico,Full-Time,Spanish,Mexico,Male,Yes
629142f8fe461b9c4640bbdf,6146803aa756e3ec52f64a89,APPROVED,2022-05-27 21:31:07.142000,2022-05-27 22:04:45.169000,2018.027,24,63,0,100,2022-05-27 22:09:41.510000,NOCODE,Mexico,Mexico,Unemployed (and job seeking),Spanish,Mexico,Female,No
